business_type,category,sub_category
food industry,Afghan,type of cuisine
food industry,African,type of cuisine
food industry,American (New),type of cuisine
food industry,Arabic,type of cuisine
food industry,Argentine,type of cuisine
food industry,Armenian,type of cuisine
food industry,Asian Fusion,type of cuisine
food industry,Australian,type of cuisine
food industry,Austrian,type of cuisine
food industry,Bangladeshi,type of cuisine
food industry,Belgian,type of cuisine
food industry,Brazilian,type of cuisine
food industry,British,type of cuisine
food industry,Burmese,type of cuisine
food industry,Cambodian,type of cuisine
food industry,Cantonese,type of cuisine
food industry,Caribbean,type of cuisine
food industry,Chinese,type of cuisine
food industry,Colombian,type of cuisine
food industry,Cuban,type of cuisine
food industry,Dominican,type of cuisine
food industry,Egyptian,type of cuisine
food industry,Ethiopian,type of cuisine
food industry,Filipino,type of cuisine
food industry,French,type of cuisine
food industry,German,type of cuisine
food industry,Greek,type of cuisine
food industry,Hainan,type of cuisine
food industry,Haitian,type of cuisine
food industry,Hawaiian,type of cuisine
food industry,Himalayan/Nepalese,type of cuisine
food industry,Honduran,type of cuisine
food industry,Hungarian,type of cuisine
food industry,Iberian,type of cuisine
food industry,Indian,type of cuisine
food industry,Indonesian,type of cuisine
food industry,Israeli,type of cuisine
food industry,Italian,type of cuisine
food industry,Japanese,type of cuisine
food industry,Korean,type of cuisine
food industry,Laotian,type of cuisine
food industry,Latin American,type of cuisine
food industry,Lebanese,type of cuisine
food industry,Malaysian,type of cuisine
food industry,Mediterranean,type of cuisine
food industry,Mexican,type of cuisine
food industry,Middle Eastern,type of cuisine
food industry,Modern European,type of cuisine
food industry,Mongolian,type of cuisine
food industry,Moroccan,type of cuisine
food industry,New Mexican Cuisine,type of cuisine
food industry,Pakistani,type of cuisine
food industry,Pan Asian,type of cuisine
food industry,Peruvian,type of cuisine
food industry,Polish,type of cuisine
food industry,Portuguese,type of cuisine
food industry,Poutineries,type of cuisine
food industry,Puerto Rican,type of cuisine
food industry,Russian,type of cuisine
food industry,Salvadoran,type of cuisine
food industry,Sardinian,type of cuisine
food industry,Scandinavian,type of cuisine
food industry,Senegalese,type of cuisine
food industry,Shanghainese,type of cuisine
food industry,Sicilian,type of cuisine
food industry,Singaporean,type of cuisine
food industry,South African,type of cuisine
food industry,Southern,type of cuisine
food industry,Spanish,type of cuisine
food industry,Szechuan,type of cuisine
food industry,Taiwanese,type of cuisine
food industry,Thai,type of cuisine
food industry,Trinidadian,type of cuisine
food industry,Turkish,type of cuisine
food industry,Ukrainian,type of cuisine
food industry,Uzbek,type of cuisine
food industry,Venezuelan,type of cuisine
food industry,Vietnamese,type of cuisine
food industry,Acai Bowls,type of food
food industry,Bagels,type of food
food industry,Bakeries,type of food
food industry,Barbeque,type of food
food industry,Bars,type of food
food industry,Bed & Breakfast,type of food
food industry,Bistros,type of food
food industry,Breakfast & Brunch,type of food
food industry,Breweries,type of food
food industry,Bubble Tea,type of food
food industry,Buffets,type of food
food industry,Burgers,type of food
food industry,Cafes,type of food
food industry,Cajun/Creole,type of food
food industry,Cheesesteaks,type of food
food industry,Chicken Shop,type of food
food industry,Chicken Wings,type of food
food industry,Cocktail Bars,type of food
food industry,Coffee & Tea,type of food
food industry,Comfort Food,type of food
food industry,Creperies,type of food
food industry,Cupcakes,type of food
food industry,Delis,type of food
food industry,Desserts,type of food
food industry,Dim Sum,type of food
food industry,Diners,type of food
food industry,Donuts,type of food
food industry,Empanadas,type of food
food industry,Ethnic Food,type of food
food industry,Falafel,type of food
food industry,Fast Food,type of food
food industry,Fish & Chips,type of food
food industry,Food Court,type of food
food industry,Food Trucks,type of food
food industry,Fruits & Veggies,type of food
food industry,Gastropubs,type of food
food industry,Gelato,type of food
food industry,Halal,type of food
food industry,Hot Dogs,type of food
food industry,Hot Pot,type of food
food industry,Ice Cream & Frozen Yogurt,type of food
food industry,Internet Cafes,type of food
food industry,Irish Pub,type of food
food industry,Japanese Curry,type of food
food industry,Juice Bars & Smoothies,type of food
food industry,Kosher,type of food
food industry,Macarons,type of food
food industry,Noodles,type of food
food industry,Pizza,type of food
food industry,Pretzels,type of food
food industry,Pubs,type of food
food industry,Ramen,type of food
food industry,Restaurants,type of food
food industry,Salad,type of food
food industry,Sandwiches,type of food
food industry,Seafood,type of food
food industry,Smokehouse,type of food
food industry,Soul Food,type of food
food industry,Soup,type of food
food industry,Specialty Food,type of food
food industry,Steakhouses,type of food
food industry,Sushi Bars,type of food
food industry,Tacos,type of food
food industry,Tapas Bars,type of food
food industry,Tapas/Small Plates,type of food
food industry,Tea Rooms,type of food
food industry,Teppanyaki,type of food
food industry,Tex-Mex,type of food
food industry,Vegan,type of food
food industry,Vegetarian,type of food
food industry,Waffles,type of food
Other,& Probates,other
Other,3D Printing,other
Other,Accessories,other
Other,Accountants,other
Other,Acne Treatment,other
Other,Active Life,other
Other,Acupuncture,other
Other,Addiction Medicine,other
Other,Adult,other
Other,Adult Education,other
Other,Adult Entertainment,other
Other,Advertising,other
Other,Aerial Fitness,other
Other,Aerial Tours,other
Other,Aestheticians,other
Other,Air Duct Cleaning,other
Other,Airlines,other
Other,Airport Lounges,other
Other,Airport Shuttles,other
Other,Airport Terminals,other
Other,Airports,other
Other,Allergists,other
Other,Alternative Medicine,other
Other,Amateur Sports Teams,other
Other,American (Traditional),other
Other,Amusement Parks,other
Other,Animal Physical Therapy,other
Other,Animal Shelters,other
Other,Antiques,other
Other,Apartment Agents,other
Other,Apartments,other
Other,Appliances,other
Other,Appliances & Repair,other
Other,Appraisal Services,other
Other,Aquariums,other
Other,Arcades,other
Other,Archery,other
Other,Architects,other
Other,Art Classes,other
Other,Art Consultants,other
Other,Art Galleries,other
Other,Art Museums,other
Other,Art Restoration,other
Other,Art Schools,other
Other,Art Space Rentals,other
Other,Art Supplies,other
Other,Arts & Crafts,other
Other,Arts & Entertainment,other
Other,Assisted Living Facilities,other
Other,Auction Houses,other
Other,Audio/Visual Equipment Rental,other
Other,Audiologist,other
Other,Auto Customization,other
Other,Auto Detailing,other
Other,Auto Glass Services,other
Other,Auto Insurance,other
Other,Auto Loan Providers,other
Other,Auto Parts & Supplies,other
Other,Auto Repair,other
Other,Auto Security,other
Other,Auto Upholstery,other
Other,Automotive,other
Other,Axe Throwing,other
Other,Baby Gear & Furniture,other
Other,Badminton,other
Other,Balloon Services,other
Other,Bankruptcy Law,other
Other,Banks & Credit Unions,other
Other,Bar Crawl,other
Other,Barbers,other
Other,Barre Classes,other
Other,Bartenders,other
Other,Bartending Schools,other
Other,Baseball Fields,other
Other,Basque,other
Other,Battery Stores,other
Other,Batting Cages,other
Other,Beaches,other
Other,Beauty & Spas,other
Other,Beer,other
Other,Beer Bar,other
Other,Beer Gardens,other
Other,Beer Hall,other
Other,Beer Tours,other
Other,Behavior Analysts,other
Other,Bespoke Clothing,other
Other,Beverage Store,other
Other,Bike Rentals,other
Other,Bike Repair/Maintenance,other
Other,Bike tours,other
Other,Bikes,other
Other,Blood & Plasma Donation Centers,other
Other,Blow Dry/Out Services,other
Other,Boat Charters,other
Other,Boat Dealers,other
Other,Boat Parts & Supplies,other
Other,Boat Repair,other
Other,Boat Tours,other
Other,Boating,other
Other,Body Contouring,other
Other,Body Shops,other
Other,Bookbinding,other
Other,Bookkeepers,other
Other,Books,other
Other,Bookstores,other
Other,Boot Camps,other
Other,Botanical Gardens,other
Other,Boudoir Photography,other
Other,Bowling,other
Other,Boxing,other
Other,Brasseries,other
Other,Brazilian Jiu-jitsu,other
Other,Brewing Supplies,other
Other,Brewpubs,other
Other,Bridal,other
Other,Buddhist Temples,other
Other,Building Supplies,other
Other,Bus Tours,other
Other,Buses,other
Other,Business Consulting,other
Other,Business Law,other
Other,Butcher,other
Other,Cabinetry,other
Other,Cafeteria,other
Other,Candle Stores,other
Other,Candy Stores,other
Other,Cannabis Clinics,other
Other,Cannabis Dispensaries,other
Other,Car Auctions,other
Other,Car Buyers,other
Other,Car Dealers,other
Other,Car Inspectors,other
Other,Car Rental,other
Other,Car Share Services,other
Other,Car Stereo Installation,other
Other,Car Wash,other
Other,Car Window Tinting,other
Other,Cardio Classes,other
Other,Cardiologists,other
Other,Cards & Stationery,other
Other,Career Counseling,other
Other,Carpenters,other
Other,Carpet Cleaning,other
Other,Carpet Installation,other
Other,Carpeting,other
Other,Casinos,other
Other,Caterers,other
Other,Ceremonial Clothing,other
Other,Challenge Courses,other
Other,Champagne Bars,other
Other,Cheese Shops,other
Other,Child Care & Day Care,other
Other,Children's Clothing,other
Other,Children's Museums,other
Other,Chimney Sweeps,other
Other,Chiropractors,other
Other,Chocolatiers & Shops,other
Other,Christmas Trees,other
Other,Churches,other
Other,Cideries,other
Other,Cigar Bars,other
Other,Cinema,other
Other,Circuit Training Gyms,other
Other,Climbing,other
Other,Clock Repair,other
Other,Clothing Rental,other
Other,Clowns,other
Other,Club Crawl,other
Other,Coffee Roasteries,other
Other,College Counseling,other
Other,Colleges & Universities,other
Other,Colonics,other
Other,Comedy Clubs,other
Other,Comic Books,other
Other,Commercial Real Estate,other
Other,Commercial Truck Dealers,other
Other,Commercial Truck Repair,other
Other,Commissioned Artists,other
Other,Community Centers,other
Other,Community Service/Non-Profit,other
Other,Computers,other
Other,Concierge Medicine,other
Other,Condominiums,other
Other,Contractors,other
Other,Convenience Stores,other
Other,Conveyor Belt Sushi,other
Other,Cooking Classes,other
Other,Cooking Schools,other
Other,Cosmetic Dentists,other
Other,Cosmetic Surgeons,other
Other,Cosmetics & Beauty Supply,other
Other,Cosmetology Schools,other
Other,Costumes,other
Other,Counseling & Mental Health,other
Other,Countertop Installation,other
Other,Couriers & Delivery Services,other
Other,Courthouses,other
Other,CPR Classes,other
Other,Crane Services,other
Other,Cremation Services,other
Other,Criminal Defense Law,other
Other,Crisis Pregnancy Centers,other
Other,Cryotherapy,other
Other,CSA,other
Other,Cultural Center,other
Other,Currency Exchange,other
Other,Custom Cakes,other
Other,Customized Merchandise,other
Other,Cycling Classes,other
Other,Damage Restoration,other
Other,Dance Clubs,other
Other,Dance Schools,other
Other,Dance Studios,other
Other,Dance Wear,other
Other,Data Recovery,other
Other,Day Camps,other
Other,Day Spas,other
Other,Debt Relief Services,other
Other,Decks & Railing,other
Other,Delicatessen,other
Other,Demolition Services,other
Other,Dental Hygienists,other
Other,Dentists,other
Other,Department Stores,other
Other,Departments of Motor Vehicles,other
Other,Dermatologists,other
Other,Diagnostic Imaging,other
Other,Diagnostic Services,other
Other,Diamond Buyers,other
Other,Dietitians,other
Other,Digitizing Services,other
Other,Dinner Theater,other
Other,Disability Law,other
Other,Disc Golf,other
Other,Discount Store,other
Other,Distilleries,other
Other,Dive Bars,other
Other,Diving,other
Other,Divorce & Family Law,other
Other,DJs,other
Other,Do-It-Yourself Food,other
Other,Doctors,other
Other,Dog Parks,other
Other,Dog Walkers,other
Other,Donation Center,other
Other,Door Sales/Installation,other
Other,Doulas,other
Other,Driving Schools,other
Other,Drugstores,other
Other,Dry Cleaning,other
Other,Dry Cleaning & Laundry,other
Other,Drywall Installation & Repair,other
Other,DUI Law,other
Other,Dumpster Rental,other
Other,Ear Nose & Throat,other
Other,Eatertainment,other
Other,Editorial Services,other
Other,Education,other
Other,Educational Services,other
Other,Electricians,other
Other,Electronics,other
Other,Electronics Repair,other
Other,Elementary Schools,other
Other,Elevator Services,other
Other,Embassy,other
Other,Embroidery & Crochet,other
Other,Emergency Pet Hospital,other
Other,Emergency Rooms,other
Other,Employment Agencies,other
Other,Employment Law,other
Other,Endodontists,other
Other,Environmental Abatement,other
Other,Environmental Testing,other
Other,Escape Games,other
Other,Estate Planning Law,other
Other,Estheticians,other
Other,Ethnic Grocery,other
Other,Event Photography,other
Other,Event Planning & Services,other
Other,Excavation Services,other
Other,Eyebrow Services,other
Other,Eyelash Service,other
Other,Eyewear & Opticians,other
Other,Fabric Stores,other
Other,Face Painting,other
Other,Family Practice,other
Other,Farm Equipment Repair,other
Other,Farmers Market,other
Other,Fashion,other
Other,Fences & Gates,other
Other,Fencing Clubs,other
Other,Ferries,other
Other,Fertility,other
Other,Festivals,other
Other,Financial Advising,other
Other,Financial Services,other
Other,Fingerprinting,other
Other,Fire Protection Services,other
Other,Firearm Training,other
Other,Fireplace Services,other
Other,Firewood,other
Other,Fishing,other
Other,Fitness & Instruction,other
Other,Fitness/Exercise Equipment,other
Other,Flea Markets,other
Other,Flight Instruction,other
Other,Float Spa,other
Other,Flooring,other
Other,Floral Designers,other
Other,Florists,other
Other,Flowers,other
Other,Flowers & Gifts,other
Other,Fondue,other
Other,Food,other
Other,Food Banks,other
Other,Food Delivery Services,other
Other,Food Stands,other
Other,Food Tours,other
Other,Formal Wear,other
Other,Foundation Repair,other
Other,Framing,other
Other,Funeral Services & Cemeteries,other
Other,Fur Clothing,other
Other,Furniture Assembly,other
Other,Furniture Rental,other
Other,Furniture Repair,other
Other,Furniture Reupholstery,other
Other,Furniture Stores,other
Other,Fuzhou,other
Other,Garage Door Services,other
Other,Gardeners,other
Other,Gas Stations,other
Other,Gastroenterologist,other
Other,Gay Bars,other
Other,Gemstones & Minerals,other
Other,General Dentistry,other
Other,General Litigation,other
Other,Generator Installation/Repair,other
Other,Georgian,other
Other,Gift Shops,other
Other,Glass & Mirrors,other
Other,Glass Blowing,other
Other,Gluten-Free,other
Other,Gold Buyers,other
Other,Golf,other
Other,Golf Equipment,other
Other,Golf Lessons,other
Other,Graphic Design,other
Other,Grill Services,other
Other,Grilling Equipment,other
Other,Grocery,other
Other,Grout Services,other
Other,Guest Houses,other
Other,Guitar Stores,other
Other,Gun/Rifle Ranges,other
Other,Guns & Ammo,other
Other,Gunsmith,other
Other,Gutter Services,other
Other,Gymnastics,other
Other,Gyms,other
Other,Hair Extensions,other
Other,Hair Loss Centers,other
Other,Hair Removal,other
Other,Hair Salons,other
Other,Hair Stylists,other
Other,Halotherapy,other
Other,Handyman,other
Other,Hardware Stores,other
Other,Hats,other
Other,Haunted Houses,other
Other,Head Shops,other
Other,Health & Medical,other
Other,Health Coach,other
Other,Health Insurance Offices,other
Other,Health Markets,other
Other,Health Retreats,other
Other,Heating & Air Conditioning/HVAC,other
Other,Henna Artists,other
Other,Hepatologists,other
Other,Herbal Shops,other
Other,Herbs & Spices,other
Other,High Fidelity Audio Equipment,other
Other,Hiking,other
Other,Historical Tours,other
Other,Hobby Shops,other
Other,Holiday Decorations,other
Other,Holistic Animal Care,other
Other,Home & Garden,other
Other,Home & Rental Insurance,other
Other,Home Automation,other
Other,Home Cleaning,other
Other,Home Decor,other
Other,Home Health Care,other
Other,Home Inspectors,other
Other,Home Network Installation,other
Other,Home Organization,other
Other,Home Services,other
Other,Home Staging,other
Other,Home Theatre Installation,other
Other,Home Window Tinting,other
Other,Honey,other
Other,Hong Kong Style Cafe,other
Other,Hookah Bars,other
Other,Horse Boarding,other
Other,Hospice,other
Other,Hospitals,other
Other,Hostels,other
Other,Hotel bar,other
Other,Hotels,other
Other,Hotels & Travel,other
Other,House Sitters,other
Other,Hunting & Fishing Supplies,other
Other,Hybrid Car Repair,other
Other,Hydro-jetting,other
Other,Hypnosis/Hypnotherapy,other
Other,Immigration Law,other
Other,Imported Food,other
Other,Indoor Landscaping,other
Other,Indoor Playcentre,other
Other,Infectious Disease Specialists,other
Other,Insulation Installation,other
Other,Insurance,other
Other,Interior Design,other
Other,Internal Medicine,other
Other,International Grocery,other
Other,Internet Service Providers,other
Other,Interval Training Gyms,other
Other,Investing,other
Other,Irish,other
Other,Irrigation,other
Other,IT Services & Computer Repair,other
Other,IV Hydration,other
Other,Izakaya,other
Other,Jazz & Blues,other
Other,Jewelry,other
Other,Jewelry Repair,other
Other,Junk Removal & Hauling,other
Other,Junkyards,other
Other,Karaoke,other
Other,Karate,other
Other,Kebab,other
Other,Keys & Locksmiths,other
Other,Kickboxing,other
Other,Kids Activities,other
Other,Kids Hair Salons,other
Other,Kitchen & Bath,other
Other,Kitchen Supplies,other
Other,Knife Sharpening,other
Other,Knitting Supplies,other
Other,Kombucha,other
Other,Laboratory Testing,other
Other,Lactation Services,other
Other,Lakes,other
Other,LAN Centers,other
Other,Landmarks & Historical Buildings,other
Other,Landscape Architects,other
Other,Landscaping,other
Other,Language Schools,other
Other,Laser Eye Surgery/Lasik,other
Other,Laser Hair Removal,other
Other,Laundromat,other
Other,Laundry Services,other
Other,Lawyers,other
Other,Leather Goods,other
Other,Legal Services,other
Other,Leisure Centers,other
Other,Libraries,other
Other,Lice Services,other
Other,Life Coach,other
Other,Life Insurance,other
Other,Lighting Fixtures & Equipment,other
Other,Limos,other
Other,Lingerie,other
Other,Live/Raw Food,other
Other,Local Fish Stores,other
Other,Local Flavor,other
Other,Local Services,other
Other,Lounges,other
Other,Luggage,other
Other,Magicians,other
Other,Mags,other
Other,Mailbox Centers,other
Other,Makerspaces,other
Other,Makeup Artists,other
Other,Marketing,other
Other,Martial Arts,other
Other,Masonry/Concrete,other
Other,Mass Media,other
Other,Massage,other
Other,Massage Schools,other
Other,Massage Therapy,other
Other,Matchmakers,other
Other,Maternity Wear,other
Other,Mattresses,other
Other,Meat Shops,other
Other,Medical Cannabis Referrals,other
Other,Medical Centers,other
Other,Medical Law,other
Other,Medical Spas,other
Other,Medical Supplies,other
Other,Medical Transportation,other
Other,Meditation Centers,other
Other,Men's Clothing,other
Other,Men's Hair Salons,other
Other,Metal Fabricators,other
Other,Middle Schools & High Schools,other
Other,Midwives,other
Other,Mini Golf,other
Other,Mobile Dent Repair,other
Other,Mobile Home Repair,other
Other,Mobile Phone Accessories,other
Other,Mobile Phone Repair,other
Other,Mobile Phones,other
Other,Mobility Equipment Sales & Services,other
Other,Montessori Schools,other
Other,Mortgage Brokers,other
Other,Mortgage Lenders,other
Other,Mosques,other
Other,Motorcycle Dealers,other
Other,Motorcycle Gear,other
Other,Motorcycle Repair,other
Other,Mountain Biking,other
Other,Movers,other
Other,Muay Thai,other
Other,Museums,other
Other,Music & DVDs,other
Other,Music & Video,other
Other,Music Production Services,other
Other,Music Venues,other
Other,Musical Instrument Services,other
Other,Musical Instruments & Teachers,other
Other,Musicians,other
Other,Nail Salons,other
Other,Nail Technicians,other
Other,Nanny Services,other
Other,Naturopathic/Holistic,other
Other,Neurologist,other
Other,Newspapers & Magazines,other
Other,Nightlife,other
Other,Notaries,other
Other,Nurse Practitioner,other
Other,Nurseries & Gardening,other
Other,Nutritionists,other
Other,Observatories,other
Other,Obstetricians & Gynecologists,other
Other,Occupational Therapy,other
Other,Office Cleaning,other
Other,Office Equipment,other
Other,Officiants,other
Other,Oil Change Stations,other
Other,Olive Oil,other
Other,Oncologist,other
Other,Ophthalmologists,other
Other,Optometrists,other
Other,Oral Surgeons,other
Other,Organic Stores,other
Other,Orthodontists,other
Other,Orthopedists,other
Other,Orthotics,other
Other,Osteopathic Physicians,other
Other,Outdoor Furniture Stores,other
Other,Outdoor Gear,other
Other,Outlet Stores,other
Other,Packing Services,other
Other,Packing Supplies,other
Other,Paddleboarding,other
Other,Pain Management,other
Other,Paint & Sip,other
Other,Paint Stores,other
Other,Paint-Your-Own Pottery,other
Other,Paintball,other
Other,Painters,other
Other,Parenting Classes,other
Other,Parking,other
Other,Parks,other
Other,Party & Event Planning,other
Other,Party Bus Rentals,other
Other,Party Characters,other
Other,Party Equipment Rentals,other
Other,Party Supplies,other
Other,Passport & Visa Services,other
Other,Pasta Shops,other
Other,Pathologists,other
Other,Patisserie/Cake Shop,other
Other,Pawn Shops,other
Other,Payroll Services,other
Other,Pediatric Dentists,other
Other,Pediatricians,other
Other,Performing Arts,other
Other,Perfume,other
Other,Periodontists,other
Other,Permanent Makeup,other
Other,Persian/Iranian,other
Other,Personal Assistants,other
Other,Personal Care Services,other
Other,Personal Chefs,other
Other,Personal Injury Law,other
Other,Personal Shopping,other
Other,Pest Control,other
Other,Pet Adoption,other
Other,Pet Boarding,other
Other,Pet Cremation Services,other
Other,Pet Groomers,other
Other,Pet Hospice,other
Other,Pet Insurance,other
Other,Pet Photography,other
Other,Pet Services,other
Other,Pet Sitting,other
Other,Pet Stores,other
Other,Pet Training,other
Other,Pet Transportation,other
Other,Pets,other
Other,Petting Zoos,other
Other,Pharmacy,other
Other,Photo Booth Rentals,other
Other,Photographers,other
Other,Photography Classes,other
Other,Photography Stores & Services,other
Other,Physical Therapy,other
Other,Piano Bars,other
Other,Piano Services,other
Other,Piano Stores,other
Other,Pickleball,other
Other,Piercing,other
Other,Pilates,other
Other,Plastic Surgeons,other
Other,Playgrounds,other
Other,Plumbing,other
Other,Plus Size Fashion,other
Other,Podiatrists,other
Other,Poke,other
Other,Pole Dancing Classes,other
Other,Police Departments,other
Other,Pool & Billiards,other
Other,Pool Cleaners,other
Other,Pool Halls,other
Other,Pop-Up Restaurants,other
Other,Pop-up Shops,other
Other,Popcorn Shops,other
Other,Post Offices,other
Other,Powder Coating,other
Other,Prenatal/Perinatal Care,other
Other,Preschools,other
Other,Pressure Washers,other
Other,Print Media,other
Other,Printing Services,other
Other,Private Schools,other
Other,Private Tutors,other
Other,Proctologists,other
Other,Product Design,other
Other,Professional Services,other
Other,Professional Sports Teams,other
Other,Propane,other
Other,Property Management,other
Other,Prosthodontists,other
Other,Psychiatrists,other
Other,Psychic Mediums,other
Other,Psychics,other
Other,Psychologists,other
Other,Public Adjusters,other
Other,Public Art,other
Other,Public Markets,other
Other,Public Services & Government,other
Other,Public Transportation,other
Other,Qi Gong,other
Other,Races & Competitions,other
Other,Radio Stations,other
Other,Radiologists,other
Other,Rafting/Kayaking,other
Other,Real Estate,other
Other,Real Estate Agents,other
Other,Real Estate Law,other
Other,Real Estate Photography,other
Other,Real Estate Services,other
Other,Recording & Rehearsal Studios,other
Other,Recreation Centers,other
Other,Recycling Center,other
Other,Refinishing Services,other
Other,Reflexology,other
Other,Registration Services,other
Other,Rehabilitation Center,other
Other,Reiki,other
Other,Religious Items,other
Other,Religious Organizations,other
Other,Reproductive Health Services,other
Other,Reptile Shops,other
Other,Rest Stops,other
Other,Restaurant Supplies,other
Other,Retirement Homes,other
Other,Roadside Assistance,other
Other,Rock Climbing,other
Other,Rolfing,other
Other,Roof Inspectors,other
Other,Roofing,other
Other,Rugs,other
Other,RV Parks,other
Other,RV Rental,other
Other,Safe Stores,other
Other,Safety Equipment,other
Other,Saunas,other
Other,Scavenger Hunts,other
Other,Screen Printing,other
Other,Screen Printing/T-Shirt Printing,other
Other,Scuba Diving,other
Other,Seafood Markets,other
Other,Security Systems,other
Other,Self Storage,other
Other,Self-defense Classes,other
Other,Septic Services,other
Other,Session Photography,other
Other,Sewing & Alterations,other
Other,Sex Therapists,other
Other,Shades & Blinds,other
Other,Shared Office Spaces,other
Other,Shaved Ice,other
Other,Shipping Centers,other
Other,Shoe Repair,other
Other,Shoe Shine,other
Other,Shoe Stores,other
Other,Shopping,other
Other,Shopping Centers,other
Other,Shredding Services,other
Other,Shutters,other
Other,Siding,other
Other,Signmaking,other
Other,Skate Shops,other
Other,Skating Rinks,other
Other,Skilled Nursing,other
Other,Skin Care,other
Other,Sleep Specialists,other
Other,Smog Check Stations,other
Other,Snow Removal,other
Other,Social Clubs,other
Other,Social Security Law,other
Other,Software Development,other
Other,Solar Panel Cleaning,other
Other,Souvenir Shops,other
Other,Speakeasies,other
Other,Special Education,other
Other,Specialty Schools,other
Other,Speech Therapists,other
Other,Spin Classes,other
Other,Spiritual Shop,other
Other,Sporting Goods,other
Other,Sports Bars,other
Other,Sports Betting,other
Other,Sports Clubs,other
Other,Sports Medicine,other
Other,Sports Wear,other
Other,Spray Tanning,other
Other,Stadiums & Arenas,other
Other,Street Vendors,other
Other,Strip Clubs,other
Other,Structural Engineers,other
Other,Stucco Services,other
Other,Sugaring,other
Other,Summer Camps,other
Other,Sunglasses,other
Other,Supernatural Readings,other
Other,Supper Clubs,other
Other,Surgeons,other
Other,Swimming Lessons/Schools,other
Other,Swimming Pools,other
Other,Synagogues,other
Other,Tabletop Games,other
Other,Taekwondo,other
Other,Tai Chi,other
Other,Talent Agencies,other
Other,Tanning,other
Other,Tanning Beds,other
Other,Tasting Classes,other
Other,Tattoo,other
Other,Tattoo Removal,other
Other,Tax Law,other
Other,Tax Services,other
Other,Taxidermy,other
Other,Taxis,other
Other,Team Building Activities,other
Other,Teeth Whitening,other
Other,Telecommunications,other
Other,Television Service Providers,other
Other,Television Stations,other
Other,Tenant and Eviction Law,other
Other,Tennis,other
Other,Test Preparation,other
Other,Themed Cafes,other
Other,Threading Services,other
Other,Thrift Stores,other
Other,Ticket Sales,other
Other,Tiki Bars,other
Other,Tiling,other
Other,Tires,other
Other,Tobacco Shops,other
Other,Tours,other
Other,Towing,other
Other,Town Car Service,other
Other,Toy Stores,other
Other,Traditional Chinese Medicine,other
Other,Trailer Rental,other
Other,Train Stations,other
Other,Trainers,other
Other,Trains,other
Other,Trampoline Parks,other
Other,Translation Services,other
Other,Transmission Repair,other
Other,Transportation,other
Other,Travel Agents,other
Other,Travel Services,other
Other,Tree Services,other
Other,Trivia Hosts,other
Other,Trophy Shops,other
Other,Truck Rental,other
Other,Trusts,other
Other,Tui Na,other
Other,Tutoring Centers,other
Other,TV Mounting,other
Other,Uniforms,other
Other,University Housing,other
Other,Unofficial Yelp Events,other
Other,Urgent Care,other
Other,Urologists,other
Other,Used,other
Other,Used Bookstore,other
Other,Used Car Dealers,other
Other,Utilities,other
Other,Vacation Rental Agents,other
Other,Vacation Rentals,other
Other,Valet Services,other
Other,Vape Shops,other
Other,Vehicle Shipping,other
Other,Vehicle Wraps,other
Other,Venues & Event Spaces,other
Other,Vermouth Bars,other
Other,Veterinarians,other
Other,Video Game Stores,other
Other,Video/Film Production,other
Other,Videographers,other
Other,Videos & Video Game Rental,other
Other,Vintage & Consignment,other
Other,Vinyl Records,other
Other,Virtual Reality Centers,other
Other,Visitor Centers,other
Other,Vitamins & Supplements,other
Other,Vocational & Technical School,other
Other,Walk-in Clinics,other
Other,Walking Tours,other
Other,Wallpapering,other
Other,Watch Repair,other
Other,Watches,other
Other,Water Heater Installation/Repair,other
Other,Waterproofing,other
Other,Waxing,other
Other,Web Design,other
Other,Wedding Chapels,other
Other,Wedding Planning,other
Other,Weight Loss Centers,other
Other,Wheel & Rim Repair,other
Other,Whiskey Bars,other
Other,Wholesale Stores,other
Other,Wholesalers,other
Other,Wigs,other
Other,Wildlife Control,other
Other,Wills,other
Other,Window Washing,other
Other,Windows Installation,other
Other,Windshield Installation & Repair,other
Other,Wine & Spirits,other
Other,Wine Bars,other
Other,Wine Tasting Classes,other
Other,Wine Tasting Room,other
Other,Wineries,other
Other,Women's Clothing,other
Other,Workers Compensation Law,other
Other,Wraps,other
Other,Yelp Events,other
Other,Yoga,other
Other,Ziplining,other
Other,Zoos,other